id,url,category,title,author,published_at,scraped_at,content,length,neg,neu,pos,compound,sentiment
11,https://www.bbc.com/news/articles/c98gne0z0rxo,bbc_news,The third man who links Andrew with Jeffrey Epstein,,2026-02-28T06:00:27.799000+00:00,2026-02-28T23:30:49,"In the high-tech megacity of Shenzhen in southern China, Prince Andrew looked on as dancers spun and waved streamers to entertain an audience of investors and innovators.
It was spring 2019, a gala dinner for the Chinese arm of his start-up competition Pitch@Palace – which turned out to be the last.
Within a year, the then-prince would step back from royal life after a disastrous interview about his links with the convicted American sex offender, Jeffrey Epstein.
There was a third man in this drama, little known to almost everyone, who was at the event, glimpsed in a brief shot in the official highlights video – David Stern.
Warning: this article contains language and details that may offend some readers
For nearly a decade, Stern had acted as a key conduit between the two, making connections for them both in the country he knew well, seen as a land of opportunity and potential riches – China.
The publication of millions of pages of documents relating to Epstein by the US Department of Justice this year cast new light on this enigmatic German businessman.
They suggest that it was Epstein who first brought Stern into the orbit of Andrew Mountbatten-Windsor and Sarah Ferguson, and reveal how deeply connected Stern was with both Yorks and the convicted American sex offender.
They apparently show how he made introductions, passed on documents, pitched deals, helped to sort out Ferguson's debts, and made numerous derogatory remarks about women.
""I stay in the background/hidden, just make the arrangements,"" he apparently wrote to Epstein in 2011, in one of those emails – and eight years later that's still how he worked.
Stern has been approached for comment. He has not responded.
His name appears in more than 7,000 of the DOJ's recently released files, from 2008 to 2018.
Based in London for most of that time, Stern ran his own business, but he often called Epstein ""boss"".
He appeared to ingratiate himself into royal circles too, becoming a director of Pitch@Palace in 2016, and being appointed to the board of a royal charity, St George's House.
But he kept a low media profile, and little is known for certain about his background.
His entries on Companies House say he was born in 1978.
According to a short biography he apparently sent to Epstein, he studied Law and Chinese Law at the School of Oriental and African Studies in London. A person familiar with the matter said Stern had completed a three-year Law BA there in 2000, but withdrew from a postgraduate research programme in 2003.
The biography says he is a fluent Mandarin Chinese speaker, and studied in Taiwan and China in the 1990s. He worked at a small investment banking firm, Ermgassen & Co, from 2000 to 2002. He then founded a Beijing-based IT healthcare business, Asia Gateway.
He claims he sold a majority stake in the company to the UK publishing and events giant Informa in 2010, and continued to work for them. Informa confirmed to the BBC that it bought the stake, but said ""no product ever came to market from this and the agreement expired in 2014"".
The earliest-known contact between Epstein and Stern came in May 2008, according to the DOJ files. They include a note to Epstein's personal assistant Lesley Groff, inviting him to invest in a ""China-focused private equity fund"".
The relationship blossomed despite Epstein's guilty plea to a conviction for soliciting prostitution from a minor the following month. Over the next two years his emails were a stream of investment ideas and lewd references to women.
Epstein, 15 years older, massively richer and deeply connected with elite circles in the US, is clearly the senior partner, with Stern coming across as the young student, always eager to impress.
Many of the emails are variations of Stern asking ""when can I call you?"" Stern calls the American ""my mentor"", and even ""my general"".
Epstein advises him on the sale of his healthcare business, and chides him for not being careful enough in checking out the background of a new contact.
Stern keeps up a steady stream of references to women and sex, often using the abbreviation ""P"", which Stern apparently used to refer to women. It is believed to be an abbreviation of the word ""pussy"", a term Epstein often used.
Epstein mostly fires back terse, business-like, poorly punctuated replies - if any.
For instance, in 2009, Stern apparently describes a Beijing dinner at the house of a friend who made a ""fortune in steel"".
""Entertainment during dinner were 5 girls on the dining table... while we ate. Welcome to the new china!"" an email reads.
In 2010, he appears to propose a visit to Little Saint James, Epstein's Caribbean island where many of his crimes against women were committed.
""if i want action i come to LSJ - my friend J will have plenty of P for me...(so i hope!),"" he writes to Epstein.
It's not clear from the emails if he ever went.
Correspondence in the DOJ files suggests that it was through Epstein that Stern was first introduced to the Yorks.
In February 2010, an email from ""Sarah"" to someone identified simply as ""A"" reads: ""I was introduced to David Stern by Jeffrey. He came to Royal lodge for dinner. He has been helping me a great deal with an ear and advice to my way ahead. He has a great roladex [sic] for China.""
Given the reference to Royal Lodge – Andrew's home in Windsor – it seems likely that it is from Ferguson.
Stern then writes to ""Your Royal Highness"" saying ""The Duchess"" has asked him to get in contact, and asking how he ""may be of help"".
That email doesn't specify what ""matter"" he's referring to, but since 2009, Stern, Epstein, and Sarah Ferguson had been engaged in a long and painful wrangle about her acute financial troubles.
Ferguson appeared to ask Epstein for help with her debts , which she estimated at £6m, the emails suggest, and Stern took on the task of persuading her to try to figure out what she owes and to whom.
In private, Stern and Epstein were extremely disrespectful to Ferguson.
""Unbelievable what it takes to get basic info,"" Stern writes. Epstein suggests treating her like a ""girlfriend who has cheated"" – Stern replied to say the approach is ""working"".
Mountbatten-Windsor himself got involved, and apparently wrote to another friend later that year that he had a ""handle on the debt situation"".
Building on this new relationship, Stern wrote to Epstein and suggested setting up a business in London, for ""high net worth individuals, targeting Chinese =but not exclusively)"".
""We very discreetly make PA a part of it and use his 'aura and access',"" he wrote. Stern often appears to refer to the then-Prince Andrew as PA.
As with many of Stern's suggestions, it doesn't appear to have borne fruit.
Nonetheless, his relationship with Mountbatten-Windsor appears to have deepened and grown.
Mountbatten-Windsor had to publicly distance himself from Epstein, following the latter's conviction in 2008, but Stern acts as a go-between, forwarding documents and intelligence from Andrew.
He apparently accompanied Mountbatten-Windsor on some of his international, taxpayer-funded trips as a trade envoy, using his Chinese connections to open doors.
One email claims that the pair visited China in October 2011. ""Most meetings by now are organised by me except mayors and governors,"" he wrote. The Court Circular confirms that Andrew was in China that month in his official capacity.
In 2016, he was placed on the board of the then-prince's start-up competition, Pitch@Palace. He was photographed sitting next to the Queen at a Pitch@Palace event.
Pitch@Palace was later involved in a storm of controversy after the co-founder of the China arm, Yang Tengbo, was banned from the UK because he was suspected of being a spy – which he denies.
Yang was seen sitting next to Mountbatten-Windsor at the 2019 Gala Dinner in Shenzhen.
Stern was also appointed to the board of St George's House Trust, an institution set up by the late Duke of Edinburgh to advance ""moral, religious and social understanding"".
Some board members apparently had misgivings about Stern's appointment, given the lack of clarity about his background, according to a recent Daily Telegraph story, but the appointment was pushed through anyway. St George's House did not respond to a request for comment.
The same year, Stern asked the convicted sex offender to be godfather of his newborn child. Epstein declined, saying he had promised his goddaughter he ""would not be godfather to anyone else"".
Stern's knowledge of China – and the access he offered – appears to have been a key factor in his appeal to both Epstein and Mountbatten-Windsor, throughout their relationship.
In 2009, while the Western world was recovering from the financial crisis, China's fast-growing economy was seen by many as a land of opportunity – including Epstein.
That year, Stern pitched to Epstein the idea of opening an investment office in London – which would have ""no 'obvious' link to China on the outside, but is extremely China focused"".
Stern claimed to have been very well connected in China. In one 2011 email he apparently claims to be friends with Louis Cheung, the president of Ping An, one of the world's largest insurance companies, and Alvin Jiang, the grandson of the former president Jiang Zemin. Stern claims to have met Levin Zhu, the son of the former premier Zhu Rongji.
It's not clear if he did actually have these connections – and there is no suggestion these Chinese contacts met Epstein. Appearing in the Epstein files is not an indication of wrongdoing.
Epstein's ability to operate in China was limited since he was denied a visa because of his conviction, the files suggest.
Stern suggested he apply again in a different city - Paris - and not mention his conviction, an email apparently says.
It ""will be better not to tick the boxes re being denied previously or criminal charges"", he apparently tells an Epstein associate, whose name is redacted.
Stern's appetite for dealmaking remained undimmed throughout the 2010s.
In 2015, he represented China's largest property company, Evergrande, in an attempt to take over the UK housebuilder Cala Homes, though the deal never went ahead. Evergrande later collapsed , sending shockwaves through the country's economy.
Stern also co-invested in an electric vehicle start-up called Canoo, with Li Botan, the son-in-law of a former senior communist party official. It went bust last year.
Stern and Epstein even discussed a fanciful plan to take over the giant German lender Deutsche Bank with the help of Qatari investors, the emails suggest - which never came to fruition.
The BBC has made multiple attempts to contact Stern, and his current whereabouts are unknown. In 2023, he changed his country of residence listed on Companies House from China to the United Arab Emirates.
The BBC has previously contacted Andrew Mountbatten-Windsor and Sarah Ferguson multiple times in connection with their links to Epstein and Stern, but they have not responded. Mountbatten-Windsor has consistently denied any wrongdoing in relation to Epstein.
The files suggest that Stern met Epstein in person in November 2018, and stayed in one of his New York properties.
Their correspondence appears to continue to the end of that year, much as it had for the previous decade - thoughts about China, deal ideas, references to ""P"", a note about ""PA"", and the same question Stern was always asking: ""When can I call you?""",11409,0.043,0.886,0.071,0.9955,positive
12,https://www.bbc.com/news/articles/cvg345qvld5o,bbc_news,Bill Clinton asked about hot tub photo and testifies he knew 'nothing' of Epstein crimes,,2026-02-28T03:43:56.735000+00:00,2026-02-28T23:30:49,"Former President Bill Clinton told a congressional panel he ""saw nothing,"" and ""did nothing wrong"" in relation to the late sex offender Jeffrey Epstein.
The all-day hearing behind closed doors in New York featured the former president being asked about his inclusion in newly released files related to the financier, including in a photo with an unidentified person in a hot tub.
His testimony came one day after his wife, ex-US Secretary of State Hillary Clinton, told the committee she also ""had no idea"" of Epstein's crimes.
Appearing in the files is not an indication of wrongdoing, and neither Clinton has been accused of misconduct by Epstein survivors who have come forward so far.
Clinton said that he would have cut off ties to Epstein and never would have flown on his plane if he ""had any inkling of what he was doing"".
""I would have turned him in myself,"" he said in his opening statement released to the public ahead of his testimony.
After his testimony in New York, he posted a video that largely repeated his opening statement, saying he did not know of Epstein's crimes ""no matter how many photos they show of me"".
""When the video of my testimony today is released, I hope it will motivate everyone to go in front of Congress to say what they know,"" Clinton said. ""I hope it will motivate the justice department to finally release all the files and to ensure that this never happens again. The survivors deserve that.""
Both he and his wife had resisted subpoenas from the panel, dismissing them as politically motivated, before agreeing to testify before the House Oversight Committee as potential contempt-of-Congress proceedings loomed against them.
When questioned about the photograph showing the former president lounging in a hot tub with the person who appeared to be a woman - whose face is blacked out to protect her identity - Bill Clinton told lawmakers that he did not know her. When asked if he had sex with the woman, he said he did not, a source told the BBC.
Unlike his wife, Clinton did not come out and speak to reporters after his deposition wrapped up.
James Comer, the Republican chairman of the House Oversight Committee, called the hours-long interview ""a very productive deposition.
""President Clinton answered every question, or attempted to answer every question,"" he said, adding that video of his testimony and a full transcript would be released in the coming days.
He also called the Clintons' depositions ""historic"" and said they are the two highest-ranking officials to ever be deposed by Congress.
President Gerald Ford voluntarily appeared before a congressional committee in 1974 to explain his pardon of former President Richard Nixon.
""This is a serious investigation,"" Comer said. ""We will continue to try and get the truth to the American people and justice to the victims.""
Among the topics that arose during Bill Clinton's testimony was President Donald Trump's relationship with Epstein.
House Democrats said his testimony brought up ""additional information"" about Trump that warranted renewed calls to bring the current president in for questioning.
Robert Garcia, the top Democrat on the House Oversight Committee, said Clinton brought up ""additional information about some discussions with President Trump"".
Garcia, like other Democrats, repeated his demand for Trump to testify before the committee.
""We now have a new precedent in this country that presidents and former presidents can testify before this committee,"" Garcia added.
According to congressional records , six sitting and former presidents had testified before congressional committees. Clinton is now the seventh.
Comer told reporters that during the deposition, Clinton was asked whether Trump should be called before the committee to testify.
Comer said Clinton replied: ""That's for you to decide"".
He said the former president went on to say that he has no knowledge of Trump's involvement in Epstein's crimes. Comer added that any new information Clinton provided did not change his belief that Trump has been cleared of wrongdoing.
""He's been exonerated for a long time,"" he said.
Trump, meanwhile, spoke out about Clinton's deposition on Friday, telling reporters: ""I don't like seeing him deposed"".
During a break a few hours into the deposition, lawmakers from both parties told reporters that Clinton was cooperating, answering questions and being transparent.
Clinton has said he had no knowledge of Epstein's crimes and cut off ties with him two decades ago.
He said their contact arose in connection with his charity work after he left the presidency in 2001, and he has voiced regret that he was ever associated with the financier, who died in a New York jail in 2019 while awaiting trial on sex-trafficking charges.
The Clintons' names crop up hundreds of times in the Epstein files. Appearing in the millions of justice department documents related to the late sex offender does not imply any wrongdoing.
Bill Clinton appears in documents and photos that have been released in stages by the Department of Justice in its disclosure of material uncovered during federal investigations into Epstein's crimes.
The files more broadly reveal the extent of Epstein's connections with multiple high-profile individuals, including after he was first convicted of a sex crime in 2008.
Congressional depositions normally occur behind closed doors, though the Clintons had fought for their testimony to be public so that selective portions of their answers could not be leaked to the media without context.",5537,0.045,0.889,0.066,0.9671,positive
20,https://www.bbc.com/news/articles/czj1pw0rmmgo,bbc_news,Henrietta Lacks: Family of woman whose cells were 'stolen' settles second lawsuit,,2026-02-28T02:39:44.223000+00:00,2026-02-28T23:30:49,"The family of a black woman whose cervical cells were harvested in 1951 without her knowledge and replicated infinitely ever since has reached a settlement with a second biotech company.
The Switzerland-based company Novartis was accused in a lawsuit of profiting from Henrietta Lacks' cells, which were taken without consent but have enabled huge advances in medical science.
Lacks' family never received any compensation, and have fought for years to get justice for the ""stolen"" cells.
Nearly three years ago, the family settled with another biotech company, Massachusetts-based Thermo Fisher Scientific Inc, for undisclosed terms.
Lacks, a 31-year-old mother from Baltimore, Maryland, began experiencing pain in her abdomen and abnormal bleeding in 1951. She was examined by gynaecologists at Johns Hopkins Hospital, who discovered a large mass on her cervix.
Without informing her or asking for permission, doctors sent a sample of her tumour to a lab for medical research before treating her for aggressive cervical cancer.
But, while nearly all cell cultures died quickly in the lab, those taken from Lacks continued to multiply and didn't age, making them ""immortal"". This meant that scientists all over the world could replicate experiments using identical cells.
The cell line, called ""HeLa"" after the patient's first and last name, was sent to research labs around the world. According to the World Health Organization (WHO), HeLa cells have led to the creation of the polio vaccine and advancements in HIV, cancer and infertility research.
But the same properties that made the cells a scientific miracle also made them lethal. Months after her diagnosis, Lack died from cancer at just 31 and was buried in an unmarked grave.
Seventy years after her death, her family filed a lawsuit against Novartis in the state of Maryland. Several other lawsuits against other drug companies remain ongoing.
The details of the latest settlement have not been disclosed.
""Members of the family of Henrietta Lacks and Novartis are pleased they were able to find a way to resolve this matter filed by Henrietta Lacks's estate outside of court,"" said a joint statement by her family and Novartis.
""The terms of the agreement are confidential.""
A lawyer for her family, Ben Crump, told the New York Times that the family members were satisfied by the settlement.
""For the family and her grandchildren, this is certainly justice because people said they would never realise any benefit or compensation from her immortal HeLa cells, even though these pharmaceutical companies were profiting billions and billions of dollars,"" he said.
He described the agreement as ""some measure of justice, to offer respect and dignity to the life that was taken"".",2740,0.119,0.755,0.127,0.4739,positive
9,https://www.bbc.com/news/articles/c1l7q871gnro,bbc_news,A 'delicate' balance for Canada and a 'win-win' for Modi as Carney visits India,,2026-02-28T00:03:55.158000+00:00,2026-02-28T23:30:49,"Prime Minister Mark Carney is in India for a pivotal trip aimed at repairing ties with the world's largest democracy, as both countries seek to reduce their trade reliance on the US.
Carney began his visit in Mumbai, where he is meeting with business leaders. He will then travel to New Delhi for talks with Prime Minister Narendra Modi.
The trip marks a remarkable turnaround in relations, which had collapsed when Canada accused India of carrying out an extrajudicial killing of a Canadian Sikh separatist on Canadian soil - an allegation India strongly denied.
Both sides now appear ready to move forward.
Here's what has changed, and what each country hopes to gain as Carney's trip gets underway.
By Nadine Yousif
For Carney, this trip is strictly business, aligned with his broader goal of diversifying Canada's trade partners to reduce economic dependence on the US.
A big focus will be making progress on a comprehensive free trade agreement with India, which has been discussed on-and-off for the last 15 years.
The latest derailment in trade talks occurred after former Prime Minister Justin Trudeau made a bombshell public accusation against India in 2023, alleging it was involved in the killing of Hardeep Singh Nijjar, a Sikh separatist, who was gunned down in British Columbia. Four men were later charged in his death, and their case is still before the courts.
India has repeatedly denied any involvement.
Now faced with US tariffs, and under Carney's more ""pragmatic"" approach to foreign policy, Ottawa is repairing ties with Delhi.
Still, the allegations remain a point of contention for some members of Canada's Sikh community, who say they continue to be targeted by India through transnational repression, and have criticised Carney for prioritising economic interests over their safety.
It is a situation that will require ""delicate handling"", Vina Nadjibulla, vice-president of the Asia Pacific Foundation of Canada, told the BBC.
Asked repeatedly about these concerns, Canadian officials told reporters ahead of Carney's trip that the two countries are engaged in ""robust"" discussions on national security and foreign interference.
They added that Canada does not believe the Indian government is currently linked to any violent crimes or threats on Canadian soil, and that they ""probably would not be taking this trip"" if that were the case.
Not everyone is convinced. Sukh Dhaliwal, an MP from Carney's Liberal party, told Canadian media that the claim of India no longer being a threat is ""disconnected from the reality"".
Canada has made several diplomatic overtures to India since Carney took office last year, beginning with inviting Modi to the G7 summit in Kananaskis, Alberta last summer.
That was followed by a series of meetings between Foreign Minister Anita Anand and her Indian counterpart, S Jaishankar, as well as a visit to Ottawa last month by India's national security advisor, Ajit Doval.
Carney's itinerary in India offers some insight into his priorities.
He will stop only in Mumbai, India's financial hub, to meet with business leaders, and New Delhi, where he will sit down with Prime Minister Modi on Monday.
Unlike Trudeau, Carney will not be visiting cultural sites like the Taj Mahal. Nor will he travel to Punjab, the home state of many of India's Sikhs, which was a stop for both Trudeau and another former prime minister, Stephen Harper.
Those stops were often seen as nods to Canada's large Indo-Canadian and Sikh communities. Their omission signals that, this time, Canada's focus is squarely on trade.
On the agenda will be discussions around energy, technology, artificial intelligence and defence, Carney's office has said, as well as attracting top talent to Canada.
Carney and Modi are also likely to discuss tariff policies enacted by President Donald Trump, which have had an impact on both their economies.
Heading into the trip, Canada remains the only G7 country that has not reached a preferential trade agreement with India. Nadjibulla of the Asia Pacific Foundation of Canada said that fact ""adds urgency"" for Carney.
""There is a window of opportunity, and it needs to be seized,"" Nadjibulla said.
By Vikas Pandey
It was in 2024, not too long ago, that both countries were openly trading barbs, suspending visa services and expelling diplomats.
But a lot has changed since then.
India is now more open for business, which is evident from a flurry of free trade deals that it has signed recently.
Then there is Trump, who has targeted both India and Canada with steep tariffs.
In Carney's own words, the world is ""in the midst of a rupture, not a transition"" and ""if you are not at the table, you are on the menu"".
For India's Prime Minister Modi, a reset with Canada is a win-win situation.
Domestically, the visit will boost Modi's image as a leader who refused to come under pressure from Canada.
Ottawa has already said it believes India is not currently linked to violent crimes or threats on Canadian soil.
But more broadly, it is the trade potential between the two countries that will drive the outcome of this visit.
Until recently, goods imported into the US from India were subject to a 50% tariff, while Delhi has also come under pressure from the Trump administration to stop buying oil from Russia.
Since then, India has been trying to diversify its energy portfolio.
Carney's visit is quite important in this context. While a wider trade deal might take time to conclude, there are some straight wins in the energy sector that the two sides will most likely announce.
The Modi government has been bullish on civilian nuclear power and wants to build more reactors, but it needs a steady supply of uranium to sustain the plan.
The two countries are likely to sign a 10-year uranium supply agreement.
Other deals focusing on increasing supply of crude oil and gas from Canada are also on the cards.
For India, any partner that helps it diversify its energy imports portfolio and ensure a long-term supply of uranium, oil, gas and coal is considered valuable.
Canada fits this definition quite well and Modi will most likely roll out the red carpet for Carney.
It's clear that Trump's use of punitive tariffs as a geopolitical pressure tool has shaken many global leaders out of their comfort zones.
As Carney put it, the rules-based international order is no longer a certainty and middle powers need to find ways to sustain each other.
The speed at which India and Canada have mended their relationship show that both prime ministers are well aware of today's global realities.",6561,0.065,0.845,0.09,0.9743,positive
13,https://www.bbc.com/news/articles/cp8rz13gdx0o,bbc_news,Formula 1's new golden age of celebrity may have just begun,,2026-02-28T00:01:44.385000+00:00,2026-02-28T23:30:49,"""The paddock has now turned into a catwalk,"" says Susie Wolff of the exclusive area at Formula 1 races where teams, the media and guests gather.
""That's where everyone makes their entrance, from the celebrities, the girlfriends and wives of the drivers.""
She's more familiar with the world of F1 than most, as a former professional racing driver, the managing director of female racing series F1 Academy and wife of Toto Wolff, the Mercedes F1 team CEO and principal.
She feels it's ""one of the few sports that's truly global and there's a glamour to it - it's part of the show and part of the appeal"".
That glamour has been a staple part of F1 throughout its 76 year history, with precisely engineered cars and luxury brands converging in desirable cities across the world.
But the sport now seems to be entering a new era of celebrity, fuelled by - and appealing to - a younger crowd; the stars favoured by Gen Z are joining the party.
One of the major influencers of this apparent changing face of F1 is Drive to Survive, the hugely popular Netflix show which returns for its eighth season this weekend.
F1's new chapter can be traced back to 2017, when US company Liberty Media bought the racing business for $4.4bn (£3.3bn) . Taking over the reins from British businessman Bernie Ecclestone after his nearly 40 years in charge, the company set its sights on modernising the sport, with more digital rights, social media promotion and new marketing deals.
A year later, F1 stopped using female promotional models , or grid girls, and commissioned Netflix to make Drive to Survive, a fly-on-the-wall documentary series designed to give unfiltered access to drivers, their teams and the people who run them.
There was a clear mission to bring in new fans. In a sign of the impact, F1's own statistics show 43% of its overall fanbase is now aged under 35 , up by 30% since 2018. YouGov research in 2023 said the latest Drive to Survive series had been watched by seven million people, with 18-29-year-olds making up 31% of the audience.
With the sport steering in a more candid direction, Wolff says ""the teams have realised it's more than just about the racing, it's the drama off track, the personalities off track"".
And with plenty of marketing and PR opportunities from being seen at these events, an all-access pass to an F1 race weekend has quickly become the hottest ticket in town for any big-name celebrity.
Open the history annuls and you'll find celebrities and WAGs - the wives and girlfriends of drivers - visible in the paddock for decades. Think Nicole Schwerzinger in the late 2000s and early 2010s when she was associated with Lewis Hamilton. And more recently, ex-Spice Girl Geri Horner, the wife of the former F1 Red Bull team principal Christian Horner. Even back in the 1970s, the lives of drivers away from the sport were of widespread intrigue in the media, notably James Hunt.
But the 2025 season attracted some of F1's biggest names to races to date - with an arguably younger and more global appeal. Beyoncé and Jay-Z, Jennifer Lopez, Timothée Chalamet and Rosé and Lisa from BLACKPINK, to name a few.
In the new series of Drive to Survive, there are frequent shots of drivers' partners, such as Ferrari driver Charles Leclerc's fiancée Alexandra Saint Mleux, or Williams driver Carlos Sainz's model girlfriend Rebecca Donaldson in high fashion outfits.
Matt Elisofon, co-host of the F1-focused Red Flags Podcast, tells the BBC ""there were more British celebrities in the Ecclestone era"". He references a famously chaotic interaction between late British rocker Ozzy Osbourne and F1 reporter Martin Brundle on a live TV grid walk at a race in 2003. Nowadays, you're more likely to see the likes of American actor ""Will Smith in Abu Dhabi"", Elisofon says.
""It's just taking on a whole new dimension that's a lot more global, a lot more Hollywood, Travis Kelce, Taylor Swift's fiancé is investing, Patrick Mahomes is investing [in the Alpine F1 team] which is relatively new,"" he adds.
As a new season rolls around, some fans have been speculating about whether Kim Kardashian will attend any races, after she was spotted at the Super Bowl earlier this month sitting alongside Ferrari driver Hamilton - himself long a trailblazer in F1 for unorthodox fashion looks and celebrity.
""I'm all about her being in the paddock,"" says Brian Muller, the other half of The Red Flags Podcast.
""So if Kim Kardashian brings her audience's attention to it - if 2% of her 400m followers say 'Oh, this is cool', that's how you continue to grow this thing and make it as global and powerful as possible.""
Muller, who is based in the US - where there are now said to be 52 million F1 fans - adds that ""F1 is still trying to find its footing"" there.
""A lot of my friends don't necessarily know what's going on, but when Beyoncé was in the paddock, I had friends who know that I do the podcast sending me that.""
Meanwhile, ""the WAG culture is only getting more powerful, it's only just started in terms of the agency that they have in making their own brand and finding a new way in,"" he says.
The pair refer to the increased celebrity presence at events as a ""gateway"" to entice casual viewers to commit fully to the sport. The YouGov survey from 2023 said 26% of Drive to Survive fans had no interest in Formula 1 itself.
For Wolff, celebrities attending races is ""brilliant for the sport"" - but there must be a serious side too.
Wolff's view is ""it doesn't matter which celebrity is in your garage"" during the race, when ""performance"" comes first.
""It's about balancing the two, having that sporting integrity.""
What many didn't predict was how popular the sport would become with women.
Bella James, an F1 content creator on Instagram and TikTok, feels the Netflix show has connected fans to drivers, making people care more about race results - but has also ""allowed women the same access men had"".
""It opened up the sport, there's car on track stuff but also personalities, fashions and brands,"" she says.
Wolff says she feels ""lucky"" to be involved in the sport at a time when, according to F1, 42% of fans are women, with the fastest growing demographic being in the 18-24-year-old age bracket.
In the past she says the sport was seen as ""very macho and very male dominated with big egos"", but, as she sees in the female-only F1 Academy series, ""society's changed... You can be feminine, you can be beautiful, and you can put your helmet on and be a fierce-faced driver"".
There's no doubt last year's F1 Movie, which became actor Brad Pitt's highest grossing film of all time, has also helped motorsport grow in popularity.
Fans are now looking ahead to the 2026 F1 race calendar which kicks off in Melbourne, Australia on 6 March - and many will be hoping for a repeat of drama like in 2021.
""The huge rivalry of Max [Verstappen] and Lewis [Hamilton] going for the title,"" as Wolff puts it.
Millions watched that year as the title decider controversially went down to the final lap of the last race of the season in Abu Dhabi.
""What happened in Abu Dhabi, everyone in the world knew something had happened there - whether they were into F1 or not,"" says Wolff. ""Those were events that really helped open the sport up to a new audience.""
In common with other moments in the Netflix hit before and since, when the showdown was dramatically retold three months later in the fourth season of Drive to Survive, yet another new generation of motorsport fans was born.",7475,0.02,0.901,0.079,0.9979,positive
14,https://www.bbc.com/news/articles/c5yre2zyvp1o,bbc_news,Six things to look out for in tonight's Brit Awards ceremony,,2026-02-28T00:01:08.645000+00:00,2026-02-28T23:30:49,"The biggest stars in pop and rock are gathering in Manchester ahead of the 46th edition of the Brit Awards.
It's the first time the ceremony has been held outside London since its inception in 1977 - but two Londoners, Olivia Dean and Lola Young, lead the nominations with five apiece.
The eclectic shortlist also sees recognition for Lily Allen's bitter break-up album, West End Girl, songs from the movie musicals Wicked and KPop Demon Hunters, and a best group nomination for resurgent Britpop band Pulp.
Here's what you need to know ahead of the ceremony.
It's three years since Harry Styles last played at the Brits.
Back then, he played As It Was, sprinting around the O2 Arena in a spangly red suit jacket, before walking off with four trophies, including album of the year.
This year, he'll be performing Aperture - the clubby, hypnotic single from his forthcoming record Kiss All The Time, Disco Occasionally (great title, no notes).
We're hoping he'll recreate the music video, where he gets into a massive brawl with a stalker that slowly turns into a dance routine, during which Harry is hoisted into the sky like Jennifer Grey in Dirty Dancing.
Details of the performance are being kept secret - with ""closed door rehearsals"" at Manchester's Co-Op Arena barring everyone but essential staff.
But we do know that Styles will appear in a sketch with host Jack Whitehall.
""I had to send over a couple of ideas, because I don't think the first few were appropriate,"" the comedian told ITV's Jonathan Ross Show.
""There was one that was me trekking for days trying to find him and he'd been living in a hut and he looked like Hagrid, and then it had me shaving him.
""I got a hard no from his team.""
For the last couple of years, the Brits have been too predictable.
Multiple trophies for Harry Styles ( 2023 ), Raye ( 2024 ) and Charli XCX ( 2025 ) reflected a period where one artist could dominate, as new talent struggled to break through.
This year is different. Some of the categories are impossible to call - especially the hotly-contested best British artist, where Olivia Dean, Lola Young, Lily Allen, Dave, Sam Fender and PinkPantheress would all be deserving winners.
Dean is considered front-runner for best album. Her second record, The Art of Loving, is brimming with memorable songs about the jeopardies and joys of falling in love. Since its release last October, it has topped the charts on four separate occasions.
But she faces strong competition from Mercury Prize winner Sam Fender and a resurgent Lily Allen, whose candid exposé of her failing marriage became one of last year's most talked-about albums.
Lola Young's Messy - another unflinching portrait of romantic disharmony - is a strong contender for song of the year. (She actually performed it at last year's Brit Awards, but it remained on the charts during the eligibility period for the 2026 ceremony.)
Her rivals for that prize include Raye's blockbuster R&B anthem Where Is My Husband and Myles Smith's ubiquitous radio hit Nice To Meet You.
Dean, meanwhile, has two chances at winning the title with Man I Need and Rein Me In, the latter a chart-topping duet with Fender.
Ozzy Osbourne - aka The Godfather of Heavy Metal, aka The Prince Of Darkness - was a singular talent and one of the UK's most beloved musicians.
He died last July, just weeks after a farewell concert in his hometown of Birmingham, and the Brits will honour him on Saturday with a posthumous lifetime achievement award.
A tribute performance will include a special arrangement of his 1991 song No More Tears, curated by his wife Sharon Osbourne and fronted by Robbie Williams.
And with the Foo Fighters playing Manchester the night before the Brits, there's a distinct possibility they'll also turn up to pay respect to the man who started it all.
Pulp are up for best group, 30 years after Jarvis Cocker stormed the stage during Michael Jackson's performance at the 1996 Brits.
The frontman took umbrage at Jackson presenting himself as a messianic figure, protecting hundreds of children, calling the display ""distasteful and crap"".
In protest, he jumped on stage, wiggled his bottom at the cameras, made a strange wafting gesture with his hands and beat a hasty retreat, pursued by Jackson's security team.
""For a while, I thought that was really the only thing I was going to ever be remembered for,"" he told the BBC last month.
""It put me into a kind of recognisability bracket that I could never have imagined. I'd always wanted to be famous from being a young kid. I got it, and then I regretted it.
""So the fact that we have been nominated [again] for some music that we've made, I feel like that's laid that to rest. So I'm very, very happy.""

This lot don't have an excuse if they forget to thank their mum in their speeches...
Mark Ronson is getting the Outstanding Contribution award in recognition of hits like Back To Black, Uptown Funk, Dance The Night and Valerie - all of which should feature in a star-studded performance at the culmination of the show.
Meanwhile, hometown hero Noel Gallagher will receive Songwriter of the Year, much to his own bemusement.
""I haven't written a song for two years,"" he confessed to Talksport radio. ""I'm not sure how I've got away with that one but I'll take it.""

By contrast, PinkPantheress released two wildly successful albums last year - more than earning her title as Producer Of The Year.
She's the first woman to win that prize, a feat she called ""bittersweet"".
Finally, Jacob Alon is the recipient of the rising star prize, which recognises emerging talent.
The Scottish star, whose stunning voice and delicate folk ballads earned them a Mercury Prize nomination last year, is also set to perform at the ceremony.

With more than 90 nominees across 18 categories, there are a few achievements up for grabs. Here are some of the big ones.
Inside the UK, the ceremony is broadcast live on ITV and ITVX from 20:15 GMT.
The show will also be streamed on ITV's YouTube page in the UK, while international viewers should visit the Brits' official YouTube channel.
Taking to the stage at the Co-Op Arena are (in no particular order) are:",6154,0.054,0.771,0.175,0.9995,positive
18,https://www.bbc.com/news/articles/cn9e2qd894go,bbc_news,Captured off guard: The art of the snatched backseat car photo,,2026-02-28T00:00:55.432000+00:00,2026-02-28T23:30:49,"It was 7pm, two Thursdays ago. Andrew Mountbatten-Windsor had just been released from police custody when a haunted photo of him, slumped in the backseat of a car, suddenly dropped.
The image immediately went viral and was on the front page of most major newspapers the following morning.
Days later, another image made headlines - albeit a grab from moving footage. This time, it was Lord Mandelson, returning home in a black cab after his arrest on Monday.
Celebrities, royals and politicians frequently find themselves photographed as they get driven from one location to another.
They may not be the best photos ever taken, but they can become the most famous.
The curious phenomenon, described by celebrity crisis PR Lauren Beeching as ""distinctly British"", is largely explained by the fact it feels ""off guard"".
""Most public imagery of celebrities, royals or politicians is managed in some way,"" she told BBC News.
""The backseat of a car feels like the moment someone assumes the performance has stopped.""
But capturing such moments is rarely easy. It requires skill, technique, patience - and a little bit of luck.
We've been speaking to snappers about the art of the ""one shot"" - and also asking showbiz experts why we're all so fascinated by the snatched backseat photo.
The first thing that all photographers say is that you have to be patient to get the snap.
""The waiting can be pretty endless,"" says newspaper photographer Jamie Lorriman.
When Mountbatten-Windsor was arrested on suspicion of misconduct in public office last week, I was deployed to Sandringham where I joined the press pack waiting outside his home.
Every single car that went by was met with a wall of frantic camera flashes. No one knew which vehicle might be carrying the former prince - and no one wanted to miss getting the shot.
It also rained relentlessly, and there were no loos or food options anywhere in sight.
That's why being prepared is so important, says news photographer Jacqueline Lawrie. She adds that good shoes and weatherproofs are essential.
""I've done a lot of stakeouts and doorstepping in my time,"" she told BBC News. ""In the back of my car, I have everything you could ever need.""
“You need to be primed and ready to go at any moment,"" agrees Mark Harrison, news photographer turned celebrity photographer.
""You can't just go off and have a cup of tea.”
In the end, the photo of the night was taken around 40 miles away, outside Aylsham police station.
Reuters photographer Phil Noble waited six hours in the cold until the former duke's car arrived. It was “hit and miss”, he told BBC News .
But he got the shot, and it’s now been shown everywhere. It’s also led to countless viral memes on social media.
Mountbatten-Windsor, who was released under investigation, has consistently denied any wrongdoing.
In recent weeks, photographers have also been camped out outside two properties linked to Mandelson, in Wiltshire and north London.
Lawrie was one of those outside his north London home.
Her nine-hour wait in the rain was ""worth it"", she says - as she was there when police arrived to carry out searches .
Two weeks later, Mandelson was arrested on suspicion of misconduct in public office, before being released on bail. Photographers and cameramen were poised and ready to take a shot of him in his car when he returned home .
Mandelson has not responded to requests for comment but the BBC understands his position is that he has not acted in any way criminally and that he was not motivated by financial gain.
For Noble, capturing Mountbatten-Windsor in the backseat of a car was ""more luck than judgement"".
Most photographers agree it takes a bit of both.
One of the key factors for success is being in the right place.
Often, says Lorriman, it's ""a total punt"".
""I've done my whole shift and then found out the person wasn't even there,"" he says.
But other times, you have more information.
On the day Mountbatten-Windsor was arrested, Lorriman was sent to Clarence House to try and get the first picture of King Charles following the news.
He knew roughly what time the King would emerge, because he was due to attend an event that afternoon at London Fashion Week.
""So that narrowed down the window of opportunity, and I managed to get several car shots of him leaving,"" he says.
Then there's the actual task of taking a picture of someone in a moving car.
""It's one of the hardest things,"" says Lawrie. ""It's dark, you don't know what you're focusing on, the vehicle is moving fast, and you don't know where they are sitting in the car.""
Tinted windows present an additional challenge. One way photographers get around them is by using more flash, but some government cars are also fitted with blinds.
In those cases, Lorriman's solution is to shoot through the front windows or windscreen, but that presents its own challenges. ""It's very narrow, you need to get the exact angle, and not have the rearview mirror blocking the person out,"" he says.
Overall, most agree educated guesswork is key.
""You have to make several guesstimates ahead of time - where to stand, where the car might emerge, which side they'll be on,"" Harrison says.
""It's a one-hit trick, it's all an estimate. You've got seconds to get it right.""
That's how the photographers do it. But why do it at all?
For Beeching, the reason there's such a delicious appeal to backseat car photos is because they are so different to the curated, tightly controlled way in which we usually see celebrities.
""It feels off-guard,"" she says.
Entertainment journalist Emma Bullimore agrees backseat car photos draw us in because they take us behind the curtain.
For many, it feels ""exciting"" to ""peer into that bubble via a lens"", she told BBC News.
Famous examples over the years include supermodel Kate Moss, who was often papped on her way home after a night out in the 90s and 00s.
Margaret Thatcher was famously seen looking tearful in the back of a car when she left No 10 for the final time, while rock star Mick Jagger was pictured in handcuffs after being sentenced for drug possession.
In 2021, the late Prince Philip was photographed leaving hospital in the back of a car, which went viral and sparked multiple memes.
For Beeching, the reaction to that picture says something about ""how comfortable we are mixing authority with irreverence"".
She said while paparazzi culture exists everywhere, the tone of Britain's response feels different. ""We don't treat powerful or senior figures as untouchable.""
In moments of controversy, the backseat car image can carry a particularly sharp edge - because it often presents the celebrity in an unflattering way.
""That is where the idea of glee at downfall sometimes comes in,” says Beeching. “The photograph can be read as symbolic.”
These sorts of pictures - whether of royals, politicians or celebrities - don't come out all the time.
There needs to be a public interest threshold. News editors will be weighing up whether the public interest in showing the images outweighs any infringement of an individual's privacy.
Beeching argues there is ""a historical anxiety"" tied to this.
""The legacy of Princess Diana still shapes how people perceive cars and photographers,"" she said. ""Even when situations are nowhere near that scale, the symbolism remains powerful.""
But Lorriman says that, as a photographer, he is always acutely aware of the ""news value"" of any images he's taking - even if the decision to run them ultimately lies with editors.
""There's always got to be a clear news purpose for why we're taking that picture,"" he said.
Ultimately, backseat photos have long been the fodder of tabloids - and that is unlikely to change any time soon.
Nowadays, such images also travel at lightening speed on social media.
And if a photographer gets it right, their images can even become the story itself - as we have seen in recent weeks.
""For me, the goal is to capture the entire story in one single frame,"" says Lawrie.
""It's not easy, but that's the fun of it. And you always know when you've got something really good.""",8057,0.06,0.858,0.082,0.9898,positive
19,https://www.bbc.com/news/articles/cvg5q6wq11no,bbc_news,These filmmakers know exactly how to get you hooked on bizarre one-minute dramas,,2026-02-27T23:01:06.233000+00:00,2026-02-28T23:30:49,"""More anger, more anger, please!"" Director Kang Mi-so shouts across the set at an actor playing the role of the ""wicked"" aunt.
The camera rolls to the woman. Face scrunched up, she lets out a torrent of abuse: the kind that you would never hear in a Korean soap.
But this is not the usual K-drama - this is a ""micro-drama"", the viral ultra-short format that has been shredding attention online. A single episode can last as little as a minute, but there can be more than 50 of them in a series. They are made vertically, for your phone and your TikTok, Instagram or YouTube feeds.
""We need spectacular moments to snatch their attention in one stroke,"" Kang, the director, explains. Unlike streaming or TV, where viewers are ""ready and willing to give up their time,"" micro-dramas are competing with the allure of scrolling.
So, they serve up an array of the outlandish - mid-scroll, viewers stumble upon a lover's fight or a menacing standoff. The characters could be at school, or in a medieval castle, complete in period costumes.
""They are hooked by the scenes,"" Kang says. That might explain why the show she is directing has more than 10 scenes where someone is slapped across the face.
The business depends on packing a punch right away because the first five to 10 episodes are free, after which viewers are nudged to move to the app where they pay to watch further.
The theatrics have certainly paid off for Chinese micro-dramas, which reportedly outperformed the box office in 2024.
They still dominate an industry that is now estimated to be worth billions across the globe. But increasingly, South Korean entertainment is making a play for what analysts believe is a booming market. Now, artificial intelligence (AI) is poking its head round the corner, promising lower costs and more opportunities.
""South Korea has shown the world its power to create music, TV, and films. The same content makers are now coming over [to micro-dramas] and I think they are world-class,"" says Neil Choi, CEO of Vigloo, one of South Korea's biggest micro-drama apps.
Kang, for instance, used to make reality TV. Now she is directing Vigloo's latest micro-drama, The Return of the Nation's Heir.
When we visited the set on a recent freezing afternoon in Paju city, just north of Seoul, filming was moving at breakneck speed.
Everything was shot in vertical mode, and nothing was subtle.
Running across 63 episodes, the show tells the tale of a billionaire who falls into a vegetative state after a mysterious car accident.
It is, Vigloo promises, ""a story that pushes Korean romance to its extreme - power, love, family and revenge collide, and one man moves an entire nation to protect the woman he loves"".
Around two dozen crew members were setting up the pivotal scene. The unmistakably pompous uncle of the female lead flipped the table, throwing everything on it into the air.
As he yelled, the camera zoomed in on the hand of his daughter's fiancé, the wheelchair-bound billionaire and the male lead. His fingers moved ever so slightly.
This is the fourth episode but it's only been six minutes into the show because each episode is just 120 seconds. And rather than being a cliffhanger, this is how the episode opens.
""We start with the climax,"" explained actor An Chae-hee, who plays the female lead. ""We need to make clear what the story is and who the characters are immediately.""
Because they are short of the one thing that regular shows liberally use - time.
How little time it takes to watch a micro-drama is exactly what seems to attract viewers.
""This is my life now,"" said Molly Doroban, a software engineer and mother of three living in Florida, who said she saw a Google ad and got ""sucked into"" micro-dramas.
She found them easier to watch than the lengthy TV shows which would keep her up all night.
In one month, she watches what her friends would take a year to watch. ""But at least I'm not online shopping!""
TV shows made for your phone are not a new idea. Quibi, an American startup which raised $1.75bn (£1.3bn), tried and failed after an ignominious eight-month run in 2020.
Where Americans gave up, Chinese startups persevered. Borrowing from mobile gaming, they sold cheaply made shows by the episode instead of selling monthly subscriptions for premium shows.
The US is a key market though, second only to China by some counts. Last year, Vigloo opened an office in LA. The firm wants to target American women who they believe will spend more than their Korean counterparts.
Speed and volume are central to this business, explained Vigloo's Choi. It takes only two months for an idea to become a show that is available on their app.
The day we visited the set, we watched them film four episodes over four hours. We were told they filmed four more episodes after we left. ""We are the fast fashion of movie-making,"" is how Choi puts it.
Vigloo has a conveyor belt-like setup where the screenwriter, director and editor focus only on their job before passing it onto the next person. Each of Vigloo's 20 in-house filmmakers are asked to deliver 10 titles a year.
What is helping them meet these deadlines is the industry's alacrity in embracing generative AI. We watched two editors at Vigloo's headquarters in Seoul's Gangnam district create a 30-minute film using only generative AI.
They used AI to create actors who don't exist based on a screenplay from a writer. They asked it to generate an image of the ""actors"" - recording their voice and then feeding the image back to the AI tool, asking it to create a fitting voice.
To build a background, the editor plugged in a prompt with a reference image and it took AI 10 seconds to spit out a 12 second-long video where the camera tilted to reveal the landscape, almost indistinguishable from real life.
In the next room, another editor put together a scene featuring AI-generated video of jet fighters preparing to take off. This helps Vigloo cut production costs down to 10% or less of traditional filmmaking, Choi said.
While Vigloo offers only two shows made entirely with AI, the firm says nearly all their titles use generative AI in varying degrees. AI is essential for the popular romantasy genre where fantastical elements, from medieval castles to werewolves and fairies are common.
It is useful for the standard romance too, such as when a billionaire love interest is shown driving his luxury car. Renting a real car would cost thousands of dollars, Choi said.
Jen Cooper, a UK fan who writes reviews and creates contents for other fans, is sceptical of the future of shows made with AI alone.
A large part of the appeal of micro-dramas is seeing and interacting with real actors, she said, because the actors are often unknown and, therefore, accessible on social media.
And yet, AI will make it easier for the industry to double down on its biggest appeal: volume.
Cooper herself appreciates how sequels arrive so quickly. They are ready in a couple of months, and they almost always tie up the story arcs, she said. Netflix shows, on the other hand, could take years between seasons or could be cancelled after two seasons.
Of course, micro-dramas, which are scripted, filmed and released in mere months, don't offer the same quality or narrative depth as movies and streamed shows. The sets are not sophisticated, the actors are mostly novices, and the AI-driven scenes can feel uncanny under scrutiny.
But that is exactly what many viewers seem to be looking for to fill pockets of time in their lives.
Cooper rejects the view that this slot-machine version of entertainment saps our ability to focus.
Ironically, because the shows are on her phone, she says there is no other device to distract her. Even if micro-dramas weren't available, she isn't sure viewers will be returning to cinemas in huge numbers: ""People are time-poor.""
As a parent of teenage children, Cooper said she had lost the taste for serious films.
""Adolescence and Hamnet are amazing pieces of art, amazing performances but intense and emotionally heavy. I cannot watch stuff about losing a child or teen issues,"" she said.
She finds the unabashed escapism in micro-dramas appealing, especially when so much of the news feels ""scary and worrisome"".
Micro-dramas, she believes, are ""the art that the world needs right now"".
For now, the top hits on Vigloo are a drama, period action and risqué romance: ""Miracle of the dirt-poor single mum,"" ""Red Monster: Revenge against the devil,"" ""The flat where tenants must do each other"".
Nudity is a no-no in Korean shows but censorship on social media online is far more relaxed compared to TV or well-known streaming platforms.
Still, Choi believes that high-octane micro-dramas will mature into a range of content, from acclaimed short films to low-brow entertainment. And one day, a micro-drama may even win an Oscar, he says.
""Hollywood looked down on movies using computer graphic-made effects, but now it's handing the Oscar to Avatar.""
South Korean filmmakers generally accept generative AI as an unstoppable trend, if not a silver bullet that could save an industry beleaguered by rising costs. South Koreans are among the most optimistic towards AI, according to a recent Pew poll.
An, who plays the billionaire's fiancée, is concerned about AI replacing her, but says micro-dramas are also ""an opportunity for new actors like us"".
She herself is a fan: ""They are spicy and that's what keeps grabbing our eyeballs.""
She and the crew are enjoying the exaggerated story. Laughter erupted after each flip of the table and every slap.
""We had a lot of fun shooting. And we thought it was hilarious while we filmed!""
Additional reporting by Hosu Lee and Leehyun Choi in Seoul",9684,0.047,0.825,0.128,0.9994,positive
